CustomerId,ActualChurn,PredictedChurn,ChurnProbability
1024-GUALD,1,1,0.7
0484-JPBRU,0,0,0.05
3620-EHIMZ,0,0,0.01
6910-HADCM,1,1,0.84
8587-XYZSF,0,0,0.05
6818-WOBHJ,1,0,0.15
3082-YVEKW,0,0,0.08
4737-AQCPU,0,0,0.03
4853-RULSV,1,0,0.15
5766-ZJYBB,1,0,0.28
2668-TZSPS,0,0,0.37
3192-LNKRK,0,0,0.36
5315-CKEQK,0,0,0.2
5914-DVBWJ,1,1,0.61
7998-ZLXWN,0,0,0.09
6328-ZPBGN,1,1,0.81
9530-EHPOH,1,0,0.25
1853-UDXBW,1,1,0.62
2672-TGEFF,0,0,0.29
1902-XBTFB,1,0,0.46
1640-PLFMP,0,1,0.83
3679-XASPY,0,0,0.25
7356-IWLFW,0,0,0.29
9036-CSKBW,0,0,0.19
8952-WCVCD,0,0,0.33
2100-BDNSN,1,0,0.31
2869-ADAWR,1,0,0.42
5832-EXGTT,0,0,0.07
9402-ORRAH,0,1,0.56
4967-WPNCF,0,0,0.0
8033-VCZGH,0,0,0.19
9392-XBGTD,0,0,0.01
0078-XZMHT,0,0,0.0
0743-HNPFG,0,0,0.17
5334-JLAXU,0,0,0.17
5696-EXCYS,0,0,0.02
2569-WGERO,0,0,0.0
5219-YIPTK,1,0,0.43
5553-AOINX,0,0,0.45
5502-RLUYV,1,0,0.31
2058-DCJBE,1,0,0.48
2293-IJWPS,0,0,0.26
7130-VTEWQ,1,1,0.72
0080-EMYVY,0,0,0.21
0148-DCDOS,1,0,0.34
9170-ARBTB,0,0,0.01
2070-FNEXE,1,0,0.47
5364-EVNIB,1,1,0.56
1112-CUNAO,1,0,0.46
4576-CSAJH,1,0,0.1
9967-ATRFS,0,0,0.02
1360-RCYRT,0,0,0.22
5038-ETMLM,0,0,0.0
5663-QBGIS,0,0,0.2
4194-WHFCB,0,0,0.18
9481-WHGWY,0,0,0.04
5453-YBTWV,0,0,0.09
2018-PZKMU,0,0,0.48
9277-JOOMO,0,0,0.11
3629-ZNKXA,0,1,0.56
0369-ZGOVK,0,0,0.24
3604-WLABM,0,0,0.2
4063-EIKNQ,0,0,0.05
2878-RMWXY,0,0,0.04
9540-JYROE,1,0,0.28
7515-LODFU,0,0,0.0
1839-FBNFR,0,0,0.0
5397-NSKQG,0,0,0.06
1755-FZQEC,0,0,0.0
2160-GPFXD,0,0,0.01
4415-IJZTP,1,1,0.9
9880-TDQAC,0,0,0.08
5138-WVKYJ,1,1,0.63
8844-TONUD,1,1,0.54
0080-OROZO,0,0,0.39
0953-LGOVU,0,0,0.16
5325-UWTWJ,0,0,0.23
1074-AMIOH,0,0,0.27
5906-BFOZT,0,0,0.47
7026-YMSBE,0,0,0.01
6572-ADKRS,0,0,0.25
5922-ABDVO,1,0,0.31
6475-VHUIZ,0,0,0.18
1324-NLTJE,1,0,0.31
4361-FEBGN,0,0,0.0
8393-DLHGA,1,0,0.47
6769-DCQLI,1,0,0.33
3018-TFTSU,1,0,0.29
2324-AALNO,0,0,0.02
2300-RQGOI,0,0,0.0
6133-OZILE,0,0,0.32
7605-SNLQG,0,0,0.21
5348-CAGXB,0,1,0.7
0201-MIBOL,0,0,0.12
7083-MIOPC,0,0,0.01
0562-KBDVM,0,0,0.02
1173-NOEYG,0,0,0.25
7698-YFGEZ,0,0,0.49
9061-TIHDA,1,1,0.79
0016-QLJIS,0,0,0.01
7296-PIXQY,0,1,0.52
9102-IAYHT,1,1,0.55
6447-EGDIV,0,0,0.01
3460-TJBWI,0,0,0.0
3744-ZBHON,0,0,0.15
1092-GANHU,1,0,0.46
3948-KXDUF,0,0,0.0
7284-ZZLOH,0,0,0.09
6745-JEFZB,0,0,0.31
2606-PKWJB,0,0,0.05
1624-WOIWJ,1,0,0.31
8777-PVYGU,0,0,0.05
4770-QAZXN,0,0,0.0
8012-SOUDQ,0,1,0.51
5546-BYZSM,0,0,0.1
0523-VNGTF,0,0,0.21
3779-OSWCF,0,0,0.01
8535-SFUTN,0,0,0.42
2320-SLKMB,0,0,0.24
7169-YWAMK,0,0,0.03
8434-PNQZX,0,0,0.01
4981-FLTMF,0,0,0.03
9424-CMPOG,0,0,0.02
3627-FCRDW,1,0,0.4
1518-OMDIK,0,0,0.12
8393-JMVMB,0,0,0.33
7638-QVMVY,1,1,0.56
6140-QNRQQ,1,1,0.68
7969-FFOWG,0,0,0.0
1342-JPNKI,1,1,0.56
7080-TNUWP,0,0,0.11
8949-JTMAY,1,0,0.42
0654-HMSHN,1,1,0.51
2725-KXXWT,1,1,0.82
2439-QKJUL,0,0,0.09
1935-IMVBB,0,0,0.3
4628-WQCQQ,1,0,0.35
3724-BSCVH,0,0,0.01
7605-BDWDC,0,0,0.04
7137-RYLPP,1,1,0.64
3207-OYBWH,1,0,0.21
4707-YNOQA,0,0,0.03
6956-SMUCM,1,1,0.69
8714-CTZJW,0,1,0.71
3662-FXJFO,0,0,0.02
7623-HKYRK,0,0,0.03
1353-GHZOS,0,0,0.08
3323-CPBWR,0,0,0.29
6152-ONASV,0,0,0.06
9251-AWQGT,0,0,0.0
4803-LBYPN,0,0,0.0
8879-ZKJOF,0,0,0.14
7354-OIJLX,0,1,0.53
9129-UXERG,0,1,0.53
5302-BDJNT,0,0,0.33
7148-XZPHA,0,0,0.28
2651-ZCBXV,0,0,0.25
1304-NECVQ,1,1,0.82
3374-TTZTK,0,0,0.24
0229-LFJAF,0,0,0.0
1304-BCCFO,0,0,0.37
0455-XFASS,0,1,0.55
0221-WMXNQ,0,0,0.5
2882-WDTBA,0,0,0.01
8069-RHUXK,0,0,0.02
4806-KEXQR,1,1,0.52
2817-NTQDO,1,0,0.32
3230-IUALN,0,0,0.01
6500-JVEGC,0,0,0.07
7103-ZGVNT,0,0,0.13
1837-YQUCE,0,0,0.01
4800-VHZKI,1,0,0.5
3887-PBQAO,0,0,0.04
5177-RVZNU,0,0,0.05
1729-VLAZJ,0,0,0.06
4273-MBHYA,0,1,0.75
8690-UPCZI,0,0,0.15
6374-NTQLP,0,0,0.01
1618-CFHME,1,1,0.63
4104-PVRPS,0,0,0.08
4210-QFJMF,1,1,0.79
5787-KXGIY,0,0,0.0
3088-LHEFH,0,0,0.31
8896-RAZCR,0,0,0.01
7268-WNTCP,0,0,0.01
5854-KSRBJ,0,0,0.0
9907-SWKKF,1,1,0.53
3932-CMDTD,1,1,0.53
5277-ZLOOR,1,1,0.76
2746-DIJLO,0,0,0.14
9174-FKWZE,1,0,0.4
9919-FZDED,0,0,0.0
9488-FYQAU,0,0,0.11
6869-FGJJC,0,0,0.06
3349-ANQNH,0,1,0.56
0222-CNVPT,0,0,0.23
6900-PXRMS,1,1,0.55
0230-WEQUW,0,0,0.01
7629-WFGLW,0,0,0.17
2235-EZAIK,0,0,0.0
5119-NZPTV,0,1,0.6
4282-MSACW,0,1,0.53
7711-YIJWC,0,0,0.14
8749-CLJXC,0,1,0.54
7636-XUHWW,0,0,0.17
0883-EIBTI,1,0,0.06
4098-NAUKP,0,0,0.32
0701-TJSEF,0,0,0.16
0689-NKYLF,1,1,0.52
9867-NNXLC,0,0,0.05
9337-SRRNI,0,0,0.05
1850-AKQEP,0,0,0.11
5600-KTXFM,0,1,0.57
7055-HNEOJ,0,0,0.38
2462-XIIJB,1,1,0.79
7277-KAMWT,0,0,0.01
7691-KGKGP,0,0,0.06
7808-DVWEP,0,0,0.21
2379-GYFLQ,0,0,0.13
7325-ENZFI,0,0,0.07
8800-ZKRFW,0,0,0.49
9133-AYJZG,0,1,0.51
6772-WFQRD,0,0,0.03
9670-BPNXF,0,0,0.19
2675-IJRGJ,0,0,0.04
4829-ZLJTK,0,0,0.05
9950-MTGYX,0,0,0.01
9755-JHNMN,0,0,0.02
3746-EUBYR,1,1,0.86
7929-DMBCV,0,0,0.15
9640-ZSLDC,0,0,0.09
7197-VOJMM,0,0,0.02
2696-NARTR,1,0,0.38
0689-DSXGL,0,0,0.15
7294-TMAOP,1,1,0.89
6177-PEVRA,0,0,0.12
7410-YTJIK,1,1,0.62
1410-RSCMR,0,0,0.22
8800-JOOCF,0,0,0.5
4526-EXKKN,0,0,0.0
0813-TAXXS,0,0,0.05
2320-TZRRH,0,0,0.05
0841-NULXI,1,1,0.79
2725-TTRIQ,0,0,0.0
4778-IZARL,0,0,0.16
2535-PBCGC,0,0,0.0
3629-WEAAM,0,0,0.18
6128-CZOMY,1,1,0.78
9227-UAQFT,0,0,0.05
0804-XBFBV,0,0,0.49
4503-BDXBD,1,0,0.27
9626-VFRGG,0,0,0.34
4994-OBRSZ,0,0,0.04
3654-ARMGP,0,0,0.0
0829-XXPLX,0,0,0.28
8938-UMKPI,1,0,0.46
4854-SSLTN,0,0,0.16
9720-JJJOR,0,0,0.05
1926-QUZNN,0,0,0.01
4900-MSOMT,0,0,0.0
8910-ICHIU,0,0,0.08
4892-VLANZ,1,0,0.46
0076-LVEPS,0,0,0.15
1666-JXLKU,0,0,0.5
4003-FUSHP,0,0,0.16
7696-AMHOD,0,0,0.06
8082-GHXOP,0,0,0.13
5445-GLVOT,0,0,0.4
5195-KPUNQ,0,0,0.23
3948-XHGNA,1,0,0.26
9624-EGDEQ,0,0,0.0
7551-DACSP,1,0,0.3
8128-YVJRG,1,0,0.36
1038-ZAGBI,1,0,0.02
9153-BTBVV,0,0,0.0
9470-RTWDV,0,0,0.15
7554-AKDQF,0,0,0.21
7241-AJHFS,0,0,0.15
9633-DENPU,0,0,0.11
5480-XTFFL,0,0,0.01
7803-XOCCZ,0,0,0.06
6549-BTYPG,0,0,0.0
9114-AAFQH,0,0,0.15
3572-UUHRS,0,0,0.07
7666-WKRON,1,0,0.14
5192-EBGOV,1,1,0.81
6502-MJQAE,1,1,0.97
6400-BWQKW,1,0,0.42
5928-QLDHB,0,0,0.49
4376-KFVRS,0,0,0.02
3528-HFRIQ,0,0,0.19
2718-YSKCS,0,0,0.0
2434-EEVDB,0,0,0.14
6506-EYCNH,0,0,0.13
3396-DKDEL,0,0,0.06
3269-ATYWD,1,0,0.42
1159-WFSGR,0,0,0.06
9835-ZIITK,1,0,0.27
9279-CJEOJ,0,1,0.53
4720-VSTSI,1,0,0.28
1360-JYXKQ,0,0,0.28
8388-FYNPZ,0,0,0.26
7868-TMWMZ,0,0,0.16
3466-RITXD,0,1,0.52
6427-FEFIG,0,0,0.04
6518-PPLMZ,0,0,0.03
6762-NSODU,0,0,0.01
4355-CVPVS,0,0,0.16
7629-WIXZF,0,0,0.12
3049-NDXFL,1,1,0.78
3566-HJGPK,0,1,0.7
1460-UZPRJ,0,0,0.04
3712-PKXZA,0,0,0.02
1623-NLDOT,1,0,0.15
5171-EPLKN,0,0,0.0
5569-KGJHX,1,1,0.68
7463-IFMQU,0,0,0.0
3178-CIFOT,0,0,0.01
1095-JUDTC,1,0,0.4
3719-TDVQB,0,0,0.05
4929-XIHVW,0,1,0.81
8106-GWQOK,0,0,0.08
4128-ETESU,0,0,0.48
0661-WCQNQ,0,0,0.1
4927-WWOOZ,0,1,0.78
7564-GHCVB,0,0,0.02
3445-HXXGF,1,0,0.35
6670-MFRPK,0,0,0.07
6890-PFRQX,0,0,0.11
1552-CZCLL,0,0,0.05
2014-MKGMH,0,0,0.24
0303-WMMRN,0,0,0.08
3806-DXQOM,1,0,0.47
1724-BQUHA,1,0,0.49
2580-ATZSQ,0,0,0.06
7945-PRBVF,0,0,0.01
3898-GUYTS,0,0,0.37
2832-SCUCO,0,0,0.3
9779-DPNEJ,0,0,0.44
4915-BFSXL,0,0,0.12
5018-LXQQG,0,0,0.06
1698-XFZCI,0,0,0.32
1872-EBWSC,0,0,0.02
4446-BZKHU,1,0,0.36
4607-CHPCA,1,0,0.5
9475-NNDGC,0,0,0.3
3841-CONLJ,0,1,0.86
2294-DMMUS,0,0,0.29
5921-NGYRH,0,0,0.21
1897-OKVMW,0,0,0.0
5117-IFGPS,0,1,0.69
3866-MDTUB,1,1,0.51
1194-SPVSP,0,0,0.33
6905-NIQIN,1,0,0.37
6813-GZQCG,0,0,0.0
9896-UYMIE,0,0,0.25
8849-GYOKR,1,0,0.24
5816-JMLGY,0,0,0.01
3990-QYKBE,1,1,0.58
6161-UUUTA,1,1,0.71
0396-UKGAI,0,0,0.09
0512-FLFDW,0,0,0.28
2946-KIQSP,0,0,0.17
0187-WZNAB,0,0,0.17
6867-ACCZI,0,0,0.09
7024-OHCCK,1,1,0.92
6481-OGDOO,1,0,0.07
7377-DMMRI,1,1,0.58
1963-VAUKV,1,0,0.16
5919-TMRGD,1,1,0.87
6994-ORCWG,0,0,0.19
5144-TVGLP,0,0,0.45
0328-GRPMV,1,1,0.84
2905-KFQUV,0,1,0.63
8637-XJIVR,1,0,0.36
5150-LJNSR,0,0,0.17
4826-DXMUP,0,0,0.26
3518-FSTWG,0,0,0.01
2929-ERCFZ,1,0,0.43
1455-UGQVH,1,1,0.86
8485-GJCDN,1,1,0.54
0459-SPZHJ,0,0,0.01
2169-RRLFW,0,0,0.01
8818-DOPVL,0,0,0.32
1207-BLKSA,0,0,0.01
7593-XFKDI,1,0,0.42
5393-RXQSZ,1,1,0.96
5183-KLYEM,0,0,0.0
0923-PNFUB,1,0,0.45
4134-BSXLX,0,0,0.07
1452-XRSJV,0,0,0.13
4213-HKBJO,0,0,0.07
7750-EYXWZ,0,0,0.13
7180-PISOG,1,1,0.79
1356-MKYSK,0,0,0.24
1212-GLHMD,0,1,0.54
7228-OMTPN,1,1,0.69
7682-AZNDK,0,0,0.3
6286-SUUWT,0,0,0.29
3500-RMZLT,1,0,0.45
4729-XKASR,1,1,0.54
8364-TRMMK,1,0,0.43
1000-AJSLD,1,0,0.48
4393-OBCRR,0,0,0.15
0942-KOWSM,0,0,0.0
0870-VEMYL,1,0,0.27
3454-JFUBC,0,0,0.01
2592-YKDIF,0,0,0.09
6941-PMGEP,1,1,0.72
0511-JTEOY,1,0,0.44
4323-ELYYB,0,0,0.01
9500-LTVBP,0,1,0.55
8120-JDCAM,0,0,0.46
1335-NTIUC,0,1,0.6
6563-VNPMN,0,0,0.37
0668-OGMHD,0,0,0.31
0311-UNPFF,1,0,0.34
9282-IZGQK,1,1,0.91
4695-WJZUE,1,1,0.91
5527-ACHSO,0,0,0.41
5140-FOMCQ,0,0,0.23
0410-IPFTY,0,1,0.58
1333-PBMXB,0,0,0.03
1915-OAKWD,0,0,0.12
5707-ORNDZ,1,0,0.28
7969-AULMZ,1,1,0.62
2700-LUEVA,0,0,0.09
9099-FTUHS,0,0,0.26
8699-ASUFO,1,1,0.74
7181-OQCUT,0,1,0.53
3096-YXENJ,0,0,0.1
2495-INZWQ,1,1,0.79
2193-SFWQW,0,0,0.03
3908-MKIMJ,0,0,0.16
6736-DHUQI,0,0,0.03
2868-MZAGQ,1,1,0.92
8905-IAZPF,0,0,0.25
1215-FIGMP,0,0,0.23
0772-GYEQQ,1,0,0.35
9995-HOTOH,0,0,0.09
7579-KKLOE,0,0,0.0
3594-UVONA,1,0,0.05
6641-XRPSU,1,0,0.48
5707-ZMDJP,0,0,0.01
3307-TLCUD,0,0,0.14
4797-AXPXK,1,0,0.39
4869-EPIUS,0,0,0.29
8563-IIOXK,1,0,0.28
2773-OVBPK,0,0,0.33
1353-LJWEM,0,0,0.15
5868-YTYKS,0,0,0.35
8713-IGZSO,0,0,0.14
6050-FFXES,0,0,0.08
9300-RENDD,1,1,0.99
4183-MYFRB,0,1,0.6
3339-EAQNV,0,0,0.27
2545-EBUPK,0,1,0.87
4990-ALDGW,0,0,0.0
0970-ETWGE,1,1,0.72
3671-SHRSP,1,1,0.63
2308-STERM,0,0,0.25
1219-NNDDO,0,1,0.55
3508-CFVZL,0,0,0.03
3387-PLKUI,0,0,0.3
9702-AIUJO,0,0,0.05
8337-UPOAQ,1,1,0.74
1728-CXQBE,0,0,0.31
5134-IKDAY,1,1,0.81
9638-JIQYA,0,1,0.54
6647-ZEDXT,0,0,0.19
1579-KLYDT,1,1,0.59
3985-HOYPM,0,0,0.0
6705-LNMDD,0,0,0.16
6917-FIJHC,0,0,0.0
4640-UHDOS,1,0,0.3
1414-YADCW,0,0,0.08
5960-MVTUK,0,0,0.45
0637-KVDLV,1,1,0.83
5451-YHYPW,0,0,0.0
5813-UECBU,1,0,0.35
9947-OTFQU,1,1,0.53
1816-FLZDK,0,0,0.41
3005-NFMTA,1,1,0.52
4710-NKCAW,0,0,0.26
4290-BSXUX,1,1,0.68
6266-QHOJZ,0,0,0.15
6047-SUHPR,0,0,0.1
6010-DDPPW,0,0,0.0
4374-YMUSQ,0,0,0.38
1958-RNRKS,0,0,0.38
7176-WIONM,0,0,0.45
9483-GCPWE,0,0,0.04
1264-FUHCX,0,0,0.25
8887-IPQNC,0,0,0.34
2921-XWDJH,0,0,0.38
5574-NXZIU,0,0,0.23
8644-XLFBW,1,1,0.68
4811-JBUVU,0,0,0.33
8970-ANWXO,0,0,0.15
0602-DDUML,0,0,0.02
5671-RQRLP,0,0,0.08
9959-WOFKT,0,0,0.14
1208-NBVFH,0,0,0.26
6976-BWGLQ,0,0,0.0
2178-PMGCJ,0,0,0.19
7610-TVOPG,0,0,0.16
7240-ETPTR,1,1,0.73
6518-LGAOV,1,0,0.41
2826-DXLQO,0,0,0.39
5949-HGVJL,0,0,0.15
3489-VSFRD,0,0,0.2
2812-REYAT,0,0,0.05
9633-XQABV,0,1,0.65
4102-OQUPX,1,1,0.88
2900-PHPLN,0,0,0.0
9894-QMIMJ,0,0,0.03
7596-ZYWBB,0,0,0.02
5440-FLBQG,1,0,0.09
3063-QFSZL,1,0,0.38
4873-ILOLJ,1,1,0.51
3003-CMDUU,0,0,0.25
7279-NMVJC,0,0,0.08
6478-HRRCZ,0,0,0.08
3678-MNGZX,0,0,0.01
5902-WBLSE,0,0,0.0
7722-CVFXN,0,0,0.31
2223-KAGMX,1,0,0.23
9803-FTJCG,0,0,0.04
6060-QBMGV,0,0,0.0
2858-EIMXH,0,0,0.33
4741-WWJQZ,0,1,0.6
9845-PEEKO,0,0,0.2
9167-APMXZ,0,0,0.26
9800-ONTFE,0,0,0.4
3621-CHYVB,0,0,0.18
3177-LASXD,1,1,0.64
1465-VINDH,1,0,0.47
2055-SIFSS,0,0,0.06
0804-YGEQV,0,0,0.01
3346-BRMIS,1,0,0.46
3130-ICDUP,0,1,0.58
0732-OCQOC,0,0,0.02
4012-YCFAI,0,0,0.05
7346-MEDWM,0,0,0.45
7036-TYDEC,0,0,0.15
6615-NGGZJ,1,1,0.71
3441-CGZJH,0,0,0.17
0208-BPQEJ,0,0,0.08
2229-DPMBI,0,0,0.02
7159-FVYPK,0,0,0.37
7544-ZVIKX,0,0,0.36
6366-XIVKZ,0,0,0.12
7137-NAXML,0,0,0.02
7126-RBHSD,0,0,0.33
1428-IEDPR,0,0,0.35
9465-RWMXL,1,1,0.53
2908-ZTPNF,0,0,0.17
4176-RELJR,0,0,0.0
3001-UNBTL,0,1,0.63
6067-NGCEU,0,0,0.21
2479-BRAMR,1,0,0.29
3161-ONRWK,0,0,0.02
6349-JDHQP,0,0,0.05
1619-YWUBB,0,0,0.0
2761-OCIAX,1,1,0.61
2683-JXWQQ,0,0,0.17
9585-KKMFD,0,0,0.02
7524-VRLPL,0,0,0.02
3780-DDGSE,0,0,0.22
2207-OBZNX,1,0,0.17
0023-UYUPN,0,0,0.1
5975-BAICR,0,0,0.05
2669-OIDSD,0,0,0.25
8146-QQKZH,0,0,0.1
2307-FYNNL,0,0,0.27
2985-FMWYF,0,1,0.57
5387-ASZNZ,0,0,0.13
5349-AZPEW,0,0,0.34
9481-IEBZY,0,0,0.29
9818-XQCUV,0,0,0.06
3750-RNQKR,0,0,0.02
5442-UTCVD,1,1,0.71
3649-JPUGY,0,0,0.0
2195-VVRJF,0,0,0.26
1271-UODNO,0,0,0.03
0118-JPNOY,0,0,0.36
9499-XPZXM,0,0,0.13
7343-EOBEU,0,0,0.21
3877-JRJIP,1,0,0.42
5498-TXHLF,1,0,0.4
3969-GYXEL,0,0,0.33
5730-DBDSI,0,0,0.03
2868-SNELZ,1,1,0.81
7797-EJMDP,0,0,0.14
4067-HLYQI,0,0,0.33
4231-LZUYM,0,0,0.0
3638-WEABW,0,0,0.05
5060-TQUQN,0,0,0.26
7802-EFKNY,1,0,0.49
7576-JMYWV,0,0,0.25
3496-LFSZU,0,1,0.6
4795-WRNVT,0,0,0.13
3938-YFPXD,0,0,0.0
6651-AZVTJ,1,1,0.54
3658-KIBGF,1,0,0.43
4143-HHPMK,1,0,0.38
4821-WQOYN,0,0,0.0
4291-HYEBC,0,0,0.31
8849-AYPTR,0,0,0.39
3898-BSJYF,0,0,0.22
7562-GSUHK,1,0,0.32
3523-QRQLL,1,0,0.21
9661-JALZV,0,0,0.02
4670-TABXH,0,0,0.11
7966-YOTQW,0,0,0.24
3694-GLTJM,0,0,0.11
8835-VSDSE,1,0,0.49
3721-CNEYS,1,1,0.58
9667-TKTVZ,0,0,0.42
2927-CVULT,0,0,0.13
6595-YGXIT,1,1,0.53
0864-FVJNJ,0,0,0.21
4537-DKTAL,0,1,0.56
3466-WAESX,0,0,0.23
2483-XSSMZ,0,0,0.26
4163-KIUHY,0,0,0.07
8486-AYEQH,0,0,0.43
0516-WJVXC,1,0,0.31
5304-EFJLP,0,0,0.02
4137-BTIKL,0,1,0.55
2863-IMQDR,0,0,0.02
2930-UOTMB,1,0,0.09
5673-TIYIB,1,0,0.5
3645-DEYGF,0,0,0.32
1099-GODLO,0,0,0.22
1955-IBMMB,0,0,0.0
6857-VWJDT,1,1,0.77
6410-LEFEN,1,0,0.22
6692-UDPJC,1,0,0.4
7858-GTZSP,0,1,0.66
5232-NXPAY,0,0,0.01
1355-KUSBG,0,0,0.34
1174-FGIFN,0,0,0.41
8750-QWZAJ,0,0,0.0
7850-THJMU,0,0,0.01
0310-MVLET,1,0,0.36
2623-DRYAM,0,0,0.25
1905-OEILC,0,0,0.16
6899-PPEEA,1,1,0.56
3104-OWCGK,1,0,0.27
5287-QWLKY,1,0,0.19
2603-HVKCG,0,1,0.51
9845-QOMAD,0,0,0.01
4816-OKWNX,0,0,0.26
9103-CXVOK,0,0,0.4
2845-AFFTX,1,1,0.56
7776-QWNFX,1,0,0.11
1468-DEFNC,0,0,0.0
7905-NJMXS,0,0,0.2
1866-OBPNR,0,0,0.49
3720-DBRWL,0,0,0.0
5073-RZGBK,0,0,0.14
0129-QMPDR,0,0,0.02
2560-PPCHE,0,0,0.21
1496-GGSUK,1,1,0.59
4671-LXRDQ,1,0,0.47
9432-RUVSL,0,0,0.06
3992-YWPKO,1,1,0.58
8980-WQFWL,0,0,0.29
0212-ISBBF,0,0,0.21
7722-VJRQD,0,0,0.0
4135-FRWKJ,0,0,0.17
5161-UBZXI,0,0,0.03
5327-XOKKY,0,0,0.03
3988-RQIXO,1,1,0.86
0479-HMSWA,0,0,0.32
6923-AQONU,0,0,0.02
5562-YJQGT,0,0,0.23
7598-UAASY,1,1,0.67
7251-LJBQN,0,0,0.22
4910-GMJOT,1,1,0.91
0257-ZESQC,1,0,0.21
4765-OXPPD,1,0,0.23
6583-QGCSI,1,0,0.49
9805-FILKB,0,0,0.03
2706-QZIHY,0,0,0.02
7673-LPRNY,0,0,0.16
6778-YSNIH,0,0,0.48
9050-QLROH,1,0,0.35
0707-HOVVN,0,0,0.03
7102-JJVTX,0,0,0.12
1810-MVMAI,0,0,0.16
7993-NQLJE,0,0,0.3
9281-OFDMF,0,0,0.34
6789-HJBWG,0,0,0.1
2139-FQHLM,0,0,0.21
3723-BFBGR,0,0,0.14
0639-TSIQW,1,0,0.18
8626-PTQGE,0,0,0.02
3541-ZNUHK,0,0,0.18
4568-KNYWR,0,0,0.02
9658-WYUFB,1,1,0.54
0997-YTLNY,0,0,0.14
3208-YPIOE,1,0,0.41
7707-PYBBH,0,0,0.22
9313-QOLTZ,0,0,0.02
6654-QGBZZ,0,1,0.52
6877-LGWXO,1,1,0.52
8020-BWHYL,1,1,0.55
3594-IVHJZ,0,0,0.1
9507-EXLTT,1,1,0.79
9793-WECQC,0,0,0.28
1266-NZYUI,0,0,0.08
2342-CKIAO,0,0,0.14
6963-EZQEE,0,0,0.01
2796-NNUFI,0,0,0.01
3486-NPGST,0,0,0.0
9070-BCKQP,0,0,0.04
7742-MYPGI,0,0,0.33
9929-PLVPA,0,0,0.11
9124-LHCJQ,1,1,0.82
2792-LSHWX,0,1,0.56
9330-IJWIO,1,1,0.78
0617-AQNWT,1,0,0.02
0895-UADGO,0,0,0.09
7255-SSFBC,0,0,0.09
5834-ASPWA,1,1,0.91
4132-KALRO,0,1,0.72
8064-RAVOH,0,1,0.62
8028-PNXHQ,0,0,0.0
9508-ILZDG,0,0,0.44
4361-JEIVL,1,1,0.64
2430-USGXP,1,1,0.54
5965-GGPRW,0,0,0.07
2542-HYGIQ,0,0,0.14
1035-IPQPU,0,0,0.18
3617-XLSGQ,0,0,0.1
9107-UKCKY,0,0,0.14
5146-YYFRZ,0,0,0.03
5649-VUKMC,1,0,0.45
3472-OAOOR,0,0,0.21
0397-ZXWQF,0,0,0.0
1346-UFHAX,0,0,0.19
7252-NTGSS,0,1,0.65
3198-VELRD,1,1,0.73
3407-QGWLG,0,0,0.12
9874-QLCLH,1,0,0.46
8668-KNZTI,0,0,0.13
8249-THVEC,0,0,0.01
6060-DRTNL,1,1,0.6
6773-LQTVT,0,0,0.22
7853-GVUDZ,1,0,0.41
4897-QSUYC,1,1,0.51
5197-PYEPU,0,0,0.18
3785-NRHYR,0,0,0.44
6087-MVHJH,1,1,0.72
1685-VAYJF,0,0,0.2
9912-GVSEQ,1,1,0.66
4636-OLWOE,0,0,0.1
9600-UDOPK,1,0,0.48
8631-NBHFZ,1,0,0.01
1053-MXTTK,0,0,0.06
3549-ZTMNH,0,0,0.02
7825-ECJRF,1,0,0.5
6439-LAJXL,0,0,0.07
4075-WKNIU,0,0,0.23
8042-RNLKO,0,0,0.06
4881-JVQOD,0,0,0.41
9593-CVZKR,0,0,0.06
9972-EWRJS,0,0,0.0
9888-ZCUMM,0,0,0.07
1265-ZFOSD,0,0,0.03
6078-VESFR,0,0,0.42
0306-JAELE,1,1,0.65
7075-BNDVQ,0,0,0.22
2208-MPXIO,0,0,0.01
3096-GKWEB,0,1,0.69
7404-JLKQG,0,0,0.41
5049-GLYVG,1,0,0.5
6704-UTUKK,0,0,0.28
9397-TZSHA,0,0,0.01
4686-UXDML,0,1,0.52
3808-HFKDE,0,0,0.35
3580-HYCSP,0,0,0.08
9795-VOWON,0,0,0.29
2159-TURXX,0,0,0.09
0096-BXERS,0,0,0.39
6507-DTJZV,0,0,0.26
9962-BFPDU,0,0,0.46
4587-NUKOX,1,0,0.34
4060-LDNLU,0,1,0.74
2379-ENZGV,1,1,0.72
4877-EVATK,1,0,0.23
9442-JTWDL,0,0,0.01
2748-MYRVK,1,0,0.3
3966-HRMZA,0,0,0.47
2862-JVEOY,0,0,0.03
9489-DEDVP,0,0,0.03
9469-WEJBT,0,0,0.38
2384-OVPSA,0,0,0.01
2186-QZEYA,0,0,0.13
6202-JVYEU,0,0,0.09
6419-ZTTLE,0,0,0.09
1891-UAWWU,1,0,0.46
6963-KQYQB,0,0,0.0
2521-NPUZR,0,0,0.03
8242-SOQUO,0,1,0.7
9823-EALYC,0,0,0.0
2314-TNDJQ,0,0,0.01
9714-EDSUC,0,1,0.56
1383-EZRWL,1,0,0.05
6617-WLBQC,0,0,0.18
6652-YFFJO,0,0,0.27
1401-FTHFQ,0,0,0.01
1803-BGNBD,0,0,0.19
1470-PSXNM,0,0,0.28
9185-TQCVP,1,1,0.65
6481-LXPWL,0,0,0.05
5066-GFJMM,0,0,0.04
7519-JTWQH,0,0,0.08
9957-YODKZ,0,1,0.81
8430-TWCBX,0,0,0.05
5955-ERIHD,1,0,0.43
5186-SAMNZ,1,1,0.86
5759-RCVCB,1,0,0.44
0220-EBGCE,1,1,0.73
7427-AUFPY,0,0,0.05
3221-CJMSG,0,0,0.06
4194-FJARJ,0,0,0.05
8138-EALND,0,0,0.06
8345-MVDYC,0,0,0.21
6119-SPUDB,0,0,0.02
1202-KKGFU,0,0,0.25
6556-DBKZF,0,0,0.14
6339-DKLMK,0,0,0.46
1977-STDKI,1,1,0.8
4001-TSBTV,0,0,0.43
7912-SYRQT,1,0,0.25
4779-ZGICK,0,0,0.0
0670-ANMUU,0,0,0.23
8735-NBLWT,0,0,0.08
8930-XOTDP,0,0,0.16
6380-ARCEH,0,0,0.25
1167-OYZJF,0,0,0.0
1628-BIZYP,0,1,0.8
6284-KMNUF,0,0,0.24
4676-WLUHT,0,0,0.05
2138-VFAPZ,0,0,0.03
8648-PFRMP,0,1,0.57
8097-VBQTZ,0,0,0.1
6087-YPWHO,0,0,0.02
8109-YUOHE,0,0,0.04
3807-XHCJH,0,0,0.43
0524-IAVZO,1,1,0.6
8957-THMOA,0,0,0.01
7521-YXVZY,0,0,0.09
7077-XJMET,0,0,0.33
9625-QSTYE,1,1,0.57
7924-GJZFI,0,1,0.6
2034-GDRCN,1,1,0.89
4186-ZBUEW,0,0,0.33
4026-SKKHW,0,0,0.27
8548-AWOFC,0,0,0.17
0680-DFNNY,1,1,0.62
7501-IWUNG,0,0,0.04
7176-WRTNX,0,0,0.26
8450-UYIBU,0,0,0.5
1794-HBQTJ,1,0,0.29
1862-QRWPE,0,0,0.02
2996-XAUVF,0,0,0.07
7145-FEJWU,0,1,0.62
6710-HSJRD,0,0,0.38
7530-HDYDS,1,0,0.24
8042-JVNFH,1,1,0.56
5127-BZENZ,0,0,0.04
0876-WDUUZ,1,1,0.52
0356-ERHVT,0,0,0.21
9912-OMZDS,0,0,0.43
2275-RBYQS,0,1,0.82
0917-EZOLA,1,0,0.08
2749-CTKAJ,0,0,0.01
5160-UXJED,0,0,0.11
7244-QWYHG,0,0,0.09
4226-KKDON,0,0,0.26
7018-FPXHH,0,0,0.02
9897-KXHCM,1,1,0.54
1222-KJNZD,0,0,0.0
2452-KDRRH,0,1,0.51
6892-EZDTG,1,1,0.87
6980-CDGFC,0,0,0.02
5071-FBJFS,0,0,0.3
4018-PPNDW,0,0,0.03
9066-QRSDU,0,0,0.1
0318-ZOPWS,0,0,0.01
0419-YAAPX,0,0,0.36
9786-IJYDL,0,0,0.23
4195-PNGZS,0,0,0.0
9372-TXXPS,0,0,0.09
7734-DBOAI,1,1,0.59
2858-MOFSQ,1,0,0.17
8180-AKMJV,0,0,0.41
2690-DVRVK,0,0,0.1
1790-NESIO,0,0,0.0
8083-YTZES,1,1,0.77
0661-KBKPA,0,0,0.09
4139-DETXS,0,0,0.02
1395-WSWXR,0,0,0.0
9546-KDTRB,0,0,0.03
4291-HPAXL,0,0,0.31
6198-ZFIOJ,0,1,0.79
7472-EQOAV,0,0,0.09
5997-OPVFA,0,0,0.0
5236-XMZJY,0,0,0.09
3873-NFTGI,0,0,0.23
8695-WDYEA,0,0,0.25
4342-HENTK,1,1,0.72
8580-QVLOC,1,0,0.01
3143-JQEGI,1,0,0.47
4465-VDKIQ,0,0,0.32
0824-VWDPO,0,0,0.2
3162-KKZXO,0,1,0.63
8445-DNBAE,0,0,0.5
2111-DWYHN,0,0,0.22
2662-NNTDK,0,0,0.0
7502-BNYGS,0,0,0.13
5372-FBKBN,0,0,0.01
4597-NUCQV,1,1,0.57
0020-JDNXP,0,0,0.11
6599-GZWCM,0,0,0.25
4342-HFXWS,0,0,0.12
5035-PGZXH,0,0,0.3
8216-AZUUZ,0,0,0.17
5542-DHSXL,0,0,0.27
8498-XXGWA,0,0,0.09
6542-LWGXJ,0,0,0.44
6248-TKCQV,0,0,0.08
3068-OMWZA,1,1,0.77
2430-RRYUW,0,0,0.05
8292-TYSPY,1,0,0.17
4589-IUAJB,0,0,0.0
5693-PIPCS,0,0,0.15
7446-KQISO,0,0,0.43
0048-PIHNL,0,0,0.04
6284-AHOOQ,1,0,0.24
2805-EDJPQ,0,0,0.17
9103-TCIHJ,1,0,0.25
9402-ROUMJ,0,0,0.14
5562-BETPV,0,0,0.07
3167-SNQPL,0,0,0.32
0810-DHDBD,0,0,0.09
1776-SPBWV,0,0,0.02
9537-JALFH,0,0,0.0
0702-PGIBZ,1,1,0.81
3055-VTCGS,0,0,0.08
9548-LERKT,0,0,0.0
6794-HKIAJ,0,0,0.15
9531-NSBMR,0,0,0.02
6368-NWMCE,0,0,0.12
0643-OKLRP,1,0,0.46
9948-YPTDG,1,0,0.38
4879-GZLFH,0,0,0.43
8098-TDCBU,0,0,0.0
5122-CYFXA,0,1,0.57
9889-TMAHG,1,1,0.54
5357-TZHPP,1,1,0.62
1474-JUWSM,0,0,0.08
8399-YNDCH,1,0,0.11
3847-BAERP,0,0,0.03
9402-CXWPL,0,0,0.29
5049-MUBWG,0,0,0.09
4039-HEUNW,1,0,0.46
5803-NQJZO,0,0,0.02
4116-TZAQJ,1,0,0.31
9094-AZPHK,0,1,0.72
6121-TNHBO,0,0,0.16
1564-HJUVY,0,0,0.26
7407-SUJIZ,0,0,0.0
5468-BPMMO,0,0,0.04
9168-INPSZ,0,0,0.41
8942-DBMHZ,0,0,0.03
8705-WZCYL,0,1,0.65
0322-YINQP,1,0,0.29
7000-WCEVQ,1,0,0.18
9739-JLPQJ,0,0,0.06
2794-XIMMO,1,0,0.11
9565-AXSMR,0,0,0.01
2880-FPNAE,0,1,0.61
3316-UWXUY,0,0,0.21
9824-BEMCV,1,1,0.54
3256-EZDBI,0,0,0.18
1226-IENZN,0,1,0.7
2823-LKABH,0,0,0.3
6161-ERDGD,0,0,0.2
2137-DQMEV,0,0,0.05
2424-WVHPL,0,0,0.5
9945-PSVIP,0,0,0.09
2840-XANRC,1,0,0.46
8008-HAWED,1,1,0.52
0412-UCCNP,0,0,0.03
6402-SSEJG,0,0,0.16
8049-WJCLQ,0,0,0.23
2830-LEWOA,0,0,0.13
9780-FKVVF,0,0,0.16
5014-GSOUQ,0,0,0.01
0396-HUJBP,0,0,0.03
8356-WUAOJ,0,1,0.76
5442-BHQNG,0,1,0.83
5655-JSMZM,1,1,0.67
7065-YUNRY,1,1,0.8
5161-XEUVX,0,0,0.07
9068-FHQHD,0,0,0.0
8017-LXHFA,1,1,0.59
0786-IVLAW,0,0,0.21
6100-QQHEB,1,0,0.46
2642-DTVCO,1,1,0.7
0147-ESWWR,0,1,0.57
2335-GSODA,0,0,0.03
9602-WCXPI,0,0,0.07
0329-GTIAJ,1,1,0.69
8241-JUIQO,0,0,0.02
0581-MDMPW,0,0,0.34
9314-IJWSQ,0,1,0.63
8532-UEFWH,0,0,0.0
7861-UVUFT,1,1,0.54
8383-SGHJU,0,0,0.11
8755-IWJHN,0,0,0.2
0123-CRBRT,0,0,0.0
2223-GDSHL,0,0,0.03
8189-HBVRW,0,0,0.32
8495-PRWFH,0,0,0.17
6092-QZVPP,0,0,0.09
5129-JLPIS,0,0,0.36
1614-JBEBI,0,0,0.06
0637-YLETY,1,0,0.4
0135-NMXAP,1,1,0.68
7892-POOKP,1,1,0.69
8161-QYMTT,0,1,0.94
3001-CBHLQ,1,0,0.37
8945-GRKHX,1,1,0.91
4625-EWPTF,1,0,0.43
1343-EHPYB,1,0,0.24
0375-HVGXO,1,1,0.88
0330-BGYZE,0,0,0.25
5989-PGKJB,0,1,0.62
8752-GHJFU,0,0,0.14
4851-BQDNX,0,0,0.36
7240-FQLHE,1,0,0.44
6175-IRFIT,0,1,0.58
6538-POCHL,0,0,0.28
3078-ZKNTS,0,0,0.01
5777-KJIRB,0,0,0.08
7923-IYJWY,0,0,0.17
2810-FTLEM,1,0,0.38
1265-HVPZB,0,0,0.1
9796-BPKIW,0,1,0.6
9178-JHUVJ,0,0,0.03
4732-RRJZC,0,0,0.03
7010-BRBUU,0,0,0.0
9688-YGXVR,0,0,0.24
9286-DOJGF,1,0,0.29
6994-KERXL,0,0,0.34
2181-UAESM,0,0,0.47
4312-GVYNH,0,0,0.01
2495-KZNFB,0,1,0.54
4367-NHWMM,0,1,0.53
8898-KASCD,0,0,0.07
8016-NCFVO,0,0,0.13
4578-PHJYZ,0,0,0.03
2091-MJTFX,1,0,0.13
2277-DJJDL,0,0,0.37
2511-MORQY,0,0,0.03
2731-GJRDG,0,0,0.37
1784-EZDKJ,0,0,0.42
2468-SJFLM,0,1,0.58
5115-SQAAU,0,0,0.0
8708-XPXHZ,1,1,0.54
0601-WZHJF,1,0,0.33
0463-TXOAK,0,0,0.03
4683-WYDOU,0,0,0.36
1166-PQLGG,0,0,0.01
0963-ZBDRN,1,0,0.34
4871-JTKJF,1,1,1.0
7173-TETGO,0,0,0.04
4193-ORFCL,1,1,0.52
2692-PFYTJ,0,0,0.32
2369-UAPKZ,1,0,0.5
5193-QLVZB,0,0,0.11
0379-DJQHR,0,0,0.0
4657-FWVFY,0,0,0.32
0623-EJQEG,0,0,0.28
1699-TLDLZ,0,0,0.02
4501-UYKBC,0,0,0.12
8158-WPEZG,0,0,0.22
9732-EQMWY,0,0,0.36
1099-BTKWT,0,0,0.3
4815-TUMEQ,0,0,0.03
6407-UTSLV,0,1,0.67
0018-NYROU,0,1,0.51
4632-XJMEX,0,0,0.09
1409-PHXTF,0,0,0.17
8229-TNIQA,1,0,0.46
0529-ONKER,1,0,0.39
3675-YDUPJ,0,0,0.09
4484-CGXFK,1,0,0.41
4443-EMBNA,0,0,0.01
4280-DLSHD,0,0,0.24
9300-AGZNL,1,1,0.95
2789-CZANW,0,0,0.09
8464-EETCQ,0,0,0.04
7216-EWTRS,1,1,0.86
4468-KAZHE,0,0,0.18
8623-ULFNQ,0,0,0.2
9317-WZPGV,1,1,0.84
8947-YRTDV,0,0,0.24
1814-DKOLC,0,0,0.21
8071-SBTRN,0,0,0.11
4701-MLJPN,1,0,0.07
1205-WNWPJ,1,0,0.22
6158-HDPXZ,0,0,0.45
6683-VLCTZ,1,1,0.76
3727-OWVYD,0,0,0.08
0856-NAOES,0,0,0.25
0562-FGDCR,0,0,0.02
0956-SYCWG,0,0,0.05
2277-VWCNI,0,1,0.6
3498-LZGQZ,0,0,0.01
9135-MGVPY,0,0,0.0
3815-SLMEF,1,0,0.22
4513-CXYIX,0,0,0.07
8944-AILEF,0,0,0.06
1270-XKUCC,0,0,0.01
6633-SYEUS,0,0,0.2
8075-GXIUB,0,0,0.07
6016-NXBNJ,0,0,0.01
9332-GYWLO,0,0,0.33
3276-HDUEG,1,1,0.77
5884-FBCTL,0,0,0.0
8999-YPYBV,0,0,0.03
1522-VVDMG,1,1,0.59
0848-SOMKO,0,0,0.04
1657-DYMBM,0,0,0.02
6923-EFPNL,1,1,0.51
2167-FQSTQ,0,0,0.0
9286-BHDQG,0,0,0.01
7225-CBZPL,0,1,0.66
5605-IYGFG,0,1,0.52
6861-OKBCE,1,0,0.02
7571-YXDAD,1,1,0.76
0254-FNMCI,0,0,0.13
8981-FJGLA,0,1,0.56
8414-MYSHR,1,1,0.58
9274-CNFMO,1,1,0.64
3794-NFNCH,0,0,0.19
5158-RIVOP,0,0,0.07
1100-DDVRV,0,0,0.42
9522-BNTHX,0,1,0.51
3677-IYRBF,1,1,0.78
7009-PCARS,0,0,0.04
8250-ZNGGW,0,0,0.38
0967-BMLBD,0,0,0.1
7594-RQHXR,1,1,0.89
8966-SNIZF,0,0,0.01
7235-NXZCP,1,1,0.62
0122-OAHPZ,1,0,0.32
7815-PDTHL,0,0,0.0
8331-ZXFOE,0,0,0.08
8901-UPRHR,0,0,0.08
3563-SVYLG,0,0,0.0
3205-MXZRA,0,0,0.09
5392-AKEMH,0,0,0.35
8201-AAXCB,0,0,0.29
6919-ELBGL,0,0,0.01
0530-IJVDB,0,0,0.2
5047-LHVLY,1,1,0.79
8404-FYDIB,0,0,0.27
3415-TAILE,1,0,0.45
2819-GWENI,0,0,0.02
6164-HXUGH,0,0,0.05
6762-QVYJO,0,0,0.03
5046-NUHWD,0,0,0.39
0106-GHRQR,0,0,0.25
8374-XGEJJ,1,1,0.64
2546-KZAAT,0,0,0.07
7569-NMZYQ,0,0,0.1
3279-DYZQM,0,0,0.0
0374-FIUCA,0,0,0.02
3714-NTNFO,0,0,0.5
8705-DWKTI,0,0,0.28
4195-SMMNX,1,0,0.08
2599-CIPQE,0,0,0.06
5136-GFPMB,0,0,0.19
6476-YHMGA,0,0,0.13
3055-MJDSB,0,1,0.56
7516-GMHUV,0,0,0.33
5940-NFXKV,1,0,0.47
3597-YASZG,0,0,0.04
3786-WOVKF,0,0,0.21
2806-MLNTI,0,0,0.33
0799-DDIHE,0,0,0.36
9926-PJHDQ,0,0,0.02
0334-GDDSO,1,1,0.82
2371-KFUOG,0,0,0.13
4634-JLRJT,0,0,0.46
5886-VLQVU,0,0,0.18
3194-ORPIK,1,0,0.26
6048-NJXHX,0,0,0.01
7860-KSUGX,0,0,0.03
2925-MXLSX,0,0,0.15
2933-FILNV,1,1,0.53
7758-XKCBS,1,0,0.4
2027-DNKIV,0,0,0.12
4751-ERMAN,0,0,0.01
8224-KDLKN,0,0,0.01
7929-SKFGK,0,0,0.11
8329-IBCTI,1,0,0.18
5016-IBERQ,0,0,0.35
5405-ZMYXQ,0,0,0.39
7841-TZDMQ,1,0,0.47
9754-CLVZW,0,0,0.34
9503-XJUME,0,0,0.02
3298-QEICA,0,0,0.11
9420-LOJKX,1,0,0.45
3391-JSQEW,0,0,0.13
4939-KYYPY,0,0,0.16
2061-VVFST,0,0,0.11
6480-YAGIY,0,0,0.22
0330-IVZHA,1,0,0.38
7161-DFHUF,0,0,0.01
1260-TTRXI,1,0,0.42
8577-QSOCG,0,0,0.04
8963-JLGJT,0,0,0.35
3266-FTKHB,0,0,0.06
6122-LJADA,0,0,0.0
8710-YGLWG,0,1,0.54
6463-HHXJR,0,0,0.05
9576-SYUHJ,0,0,0.37
9289-LBQVU,0,0,0.17
2207-QPJED,0,0,0.15
6990-YNRIO,1,0,0.17
0489-WMEMG,0,0,0.1
2189-UXTKY,1,0,0.15
7105-MXJLL,0,0,0.16
7133-VBDCG,1,0,0.25
9933-QRGTX,0,0,0.11
6356-ELRKD,1,1,0.8
2194-IIQOF,0,0,0.0
8063-GBATB,1,1,0.61
9611-CTWIH,1,1,0.57
3571-DPYUH,0,0,0.08
8519-QJGJD,1,0,0.27
5846-NEQVZ,0,0,0.02
6022-KOUQO,0,0,0.44
7205-BAIAD,0,0,0.0
9574-BOSMD,0,0,0.0
4884-TVUQF,0,0,0.06
6439-GTPCA,1,0,0.39
3795-CAWEX,0,0,0.06
7821-DPRQE,0,0,0.24
4983-CLMLV,0,0,0.35
2380-DAMQP,0,0,0.01
7534-BFESC,1,0,0.49
6695-FRVEC,0,0,0.02
0361-HJRDX,0,0,0.0
0354-VXMJC,0,0,0.0
6559-ILWKJ,1,0,0.06
9895-VFOXH,0,0,0.32
8229-BUJHX,0,0,0.0
4476-OSWTN,0,0,0.2
2995-UPRYS,1,0,0.28
9208-OLGAQ,0,0,0.48
4124-MMETB,1,0,0.42
8882-TLVRW,0,0,0.04
2957-JIRMN,0,0,0.23
3646-ITDGM,0,0,0.1
2673-ZALNP,0,0,0.02
9975-SKRNR,0,0,0.21
3724-UCSHY,0,0,0.04
0259-GBZSH,1,1,0.88
7130-CTCUS,0,0,0.16
8150-QUDFX,0,0,0.07
8218-FFJDS,0,0,0.02
8259-NFJTV,0,0,0.29
7909-FIOIY,0,0,0.18
3317-VLGQT,0,0,0.48
2722-VOJQL,1,0,0.27
0584-BJQGZ,0,0,0.09
6732-VAILE,0,0,0.02
1302-TPUBN,0,0,0.06
8380-PEFPE,1,0,0.39
7402-PWYJJ,0,0,0.25
4250-FDVOU,1,0,0.11
9128-CPXKI,0,0,0.28
4183-WCSEP,1,0,0.18
0404-SWRVG,1,1,0.76
6227-HWPWX,1,0,0.26
1899-VXWXM,1,0,0.43
8450-JOVAH,1,0,0.27
4550-VBOFE,1,0,0.38
9546-CQJSU,1,1,0.86
4789-KWMXN,1,0,0.23
0835-DUUIQ,0,0,0.01
1855-AGAWH,0,1,0.63
9079-YEXQJ,1,0,0.33
3577-AMVUX,0,1,0.57
2316-ESMLS,0,0,0.13
9426-SXNHE,0,0,0.13
8550-XSXUQ,0,0,0.13
0723-DRCLG,1,1,0.86
2176-OSJUV,0,0,0.05
0107-WESLM,1,0,0.24
8626-XHBIE,0,0,0.0
0188-GWFLE,0,0,0.07
8166-ZZTFS,1,0,0.01
5774-QPLTF,0,0,0.0
0929-PECLO,0,0,0.19
5696-QURRL,1,0,0.48
8124-NZVGJ,0,0,0.41
4130-MZLCC,0,1,0.53
4489-SNOJF,1,0,0.19
8984-HPEMB,0,0,0.09
4615-PIVVU,0,0,0.06
6848-HJTXY,0,0,0.0
8757-TFHHJ,0,0,0.2
4603-JANFB,1,1,0.91
8565-HBFNN,0,0,0.09
7422-WNBTY,0,1,0.51
4712-UYOOI,0,0,0.05
3372-CDXFJ,0,0,0.03
5353-WILCI,0,0,0.14
0988-AADSA,0,0,0.0
8270-RKSAP,0,0,0.43
5954-BDFSG,0,0,0.1
5792-JALQC,0,0,0.05
2202-OUTMO,0,0,0.13
9028-LIHRP,0,0,0.03
9150-KPBJQ,0,0,0.11
4003-OCTMP,0,0,0.08
8775-LHDJH,1,1,0.77
6770-UAYGJ,0,0,0.0
7596-IIWYC,0,0,0.0
0887-WBJVH,0,0,0.25
8840-DQLGN,1,0,0.33
8413-VONUO,1,1,0.56
9281-PKKZE,0,0,0.36
5186-PEIZU,0,0,0.03
6339-YPSAH,0,1,0.52
2324-EFHVG,0,0,0.13
1918-ZBFQJ,1,1,0.55
6968-GMKPR,0,1,0.51
3062-ICYZQ,0,0,0.25
2233-FAGXV,0,0,0.22
6017-PPLPX,1,1,0.52
1982-FEBTD,0,0,0.0
9705-IOVQQ,0,0,0.27
6288-CHQJB,0,0,0.01
3315-TOTBP,1,0,0.41
6096-EGVTU,0,0,0.03
2937-FTHUR,0,0,0.26
4062-HBMOS,0,0,0.39
2387-KDZQY,0,0,0.06
4609-KNNWG,0,0,0.0
0409-WTMPL,0,0,0.27
3766-EJLFL,0,0,0.16
4232-JGKIY,0,0,0.27
0334-ZFJSR,0,0,0.06
6582-OIVSP,0,0,0.49
8661-BOYNW,0,0,0.01
4257-GAESD,0,0,0.45
8785-CJSHH,0,0,0.39
5469-CTCWN,1,0,0.21
2839-RFSQE,1,0,0.1
4890-VMUAV,0,0,0.06
3365-SAIGS,0,1,0.64
0946-CLJTI,1,0,0.34
3920-HIHMQ,0,0,0.13
5307-UVGNB,0,0,0.14
8780-RSYYU,0,0,0.02
0742-NXBGR,1,1,0.93
8067-NIOYM,0,0,0.01
5916-QEWPT,0,1,0.51
1029-QFBEN,1,0,0.21
9251-WNSOD,0,0,0.08
6576-FBXOJ,0,0,0.22
2501-XWWTZ,0,0,0.25
6080-LNESI,0,0,0.0
7245-NIIWQ,0,1,0.55
6567-HOOPW,1,1,0.92
4550-EVXNY,1,1,0.89
6437-UDQJM,0,0,0.01
0297-RBCSG,0,0,0.16
2097-YVPKN,0,0,0.02
0853-NWIFK,0,0,0.14
4853-OITSN,0,1,0.58
6128-DAFVY,0,0,0.34
1197-BVMVG,0,1,0.54
7508-DQAKK,0,0,0.01
9938-PRCVK,0,0,0.0
0289-IVARM,0,0,0.12
8260-NGFNY,1,0,0.38
7074-IEVOJ,1,1,0.78
6614-YWYSC,0,0,0.0
8473-VUVJN,1,1,0.86
6693-DJWTY,0,0,0.02
3655-SNQYZ,0,0,0.08
2845-KDHVX,0,0,0.02
5027-YOCXN,0,0,0.26
8884-MRNSU,0,0,0.0
0567-XRHCU,0,0,0.07
5868-CZJDR,1,1,0.53
